source,target,relation,weight,evidence_doc_id
spiculation,malignancy,suggests,0.85,KB017
lobulated_margin,malignancy,suggests,0.45,KB017
part_solid_nodule,adenocarcinoma,suggests,0.75,KB018
ground_glass_nodule,adenocarcinoma,suggests,0.55,KB019
ground_glass_nodule,lepidic_pattern,correlates_with,0.7,KB019
part_solid_nodule,lepidic_pattern,correlates_with,0.6,KB018
calcified_nodule,benign,indicates,0.95,KB008
calcified_nodule,granuloma,suggests,0.7,KB032
calcified_nodule,hamartoma,suggests,0.5,KB033
upper_lobe,malignancy,increases_risk_of,0.5,KB022
emphysema,malignancy,increases_risk_of,0.45,KB021
smoking,malignancy,increases_risk_of,0.7,KB021
smoking,squamous_cell_carcinoma,associated_with,0.7,KB028
smoking,small_cell_carcinoma,associated_with,0.75,KB029
smoking,kras_g12c,associated_with,0.5,KB037
never_smoker,egfr_mutation,associated_with,0.6,KB035
never_smoker,alk_rearrangement,associated_with,0.4,KB036
family_history,malignancy,increases_risk_of,0.4,KB026
pleural_contact,malignancy,suggests,0.45,KB024
lymphadenopathy,malignancy,suggests,0.7,KB023
rapid_growth,malignancy,suggests,0.85,KB020
large_nodule,malignancy,suggests,0.7,KB005
multiple_nodules,benign,suggests,0.3,KB025
gland_formation,adenocarcinoma,indicates,0.9,KB027
lepidic_pattern,adenocarcinoma,indicates,0.8,KB027
keratinisation,squamous_cell_carcinoma,indicates,0.9,KB028
high_mitoses,small_cell_carcinoma,suggests,0.75,KB029
high_ki67,small_cell_carcinoma,suggests,0.8,KB031
low_ki67,carcinoid_tumour,suggests,0.75,KB031
adenocarcinoma,malignancy,is_a,1.0,KB012
squamous_cell_carcinoma,malignancy,is_a,1.0,KB012
small_cell_carcinoma,malignancy,is_a,1.0,KB013
large_cell_carcinoma,malignancy,is_a,1.0,KB030
carcinoid_tumour,malignancy,is_a,1.0,KB016
granuloma,benign,is_a,1.0,KB032
hamartoma,benign,is_a,1.0,KB033
organising_pneumonia,benign,is_a,1.0,KB034
adenocarcinoma,egfr_mutation,tested_for,0.8,KB035
adenocarcinoma,alk_rearrangement,tested_for,0.8,KB036
adenocarcinoma,kras_g12c,tested_for,0.7,KB037
malignancy,pdl1_high,tested_for,0.6,KB038
malignancy,action_mdt,managed_by,0.9,KB012
small_cell_carcinoma,action_oncology_urgent,managed_by,0.95,KB013
nondiagnostic,action_tissue_sampling,managed_by,0.9,KB015
benign,action_ct_surveillance,managed_by,0.6,KB014
lung_rads_3,action_ct_surveillance,managed_by,0.9,KB003
lung_rads_4a,action_ct_3_months,managed_by,0.9,KB004
lung_rads_4b,action_pet_ct,managed_by,0.9,KB005
lung_rads_4b,action_tissue_sampling,managed_by,0.85,KB005
lung_rads_4x,action_pet_ct,managed_by,0.9,KB006
lung_rads_4x,action_tissue_sampling,managed_by,0.85,KB006
spiculation,lung_rads_4x,upgrades_to,0.8,KB006
lymphadenopathy,lung_rads_4x,upgrades_to,0.8,KB006
large_nodule,lung_rads_4b,classifies_as,0.85,KB005
lung_rads_4b,malignancy,suggests,0.6,KB005
lung_rads_4x,malignancy,suggests,0.7,KB006
lung_rads_4a,malignancy,suggests,0.35,KB004
lung_rads_1,benign,suggests,0.9,KB001
lung_rads_2,benign,suggests,0.85,KB002
lung_rads_3,benign,suggests,0.7,KB003
